City_ID,City,Lat,Lng,Max Temp,Humidity,Cloudiness,Wind Speed,Country,Date
0,emmett,43.8735,-116.4993,2.89,75,65,2.07,US,1677861931
1,mataura,-46.1927,168.8643,10.44,81,100,0.79,NZ,1677861932
2,maragogi,-9.0122,-35.2225,29.38,62,6,4.57,BR,1677861933
3,vaini,-21.2,-175.2,27.09,94,100,3.6,TO,1677861934
4,narsaq,60.9167,-46.05,11.12,67,100,9.49,GL,1677861934
5,atuona,-9.8,-139.0333,26.53,77,16,7.07,PF,1677861935
6,jamestown,42.097,-79.2353,4.45,64,0,4.63,US,1677861668
7,hithadhoo,-0.6,73.0833,27.81,72,41,4.64,MV,1677861935
8,solenzo,12.1833,-4.0833,38.36,8,0,3.37,BF,1677861936
9,upernavik,72.7868,-56.1549,-23.19,85,74,5.29,GL,1677861936
10,hlotse,-28.8718,28.045,15.33,82,91,2.17,LS,1677861937
11,busselton,-33.65,115.3333,16.3,92,1,4.04,AU,1677861937
12,orodara,10.9492,-4.9342,35.86,9,1,3.53,BF,1677861937
13,pedernales,18.0384,-71.744,29.38,51,5,4.26,DO,1677861938
14,puerto ayora,-0.7393,-90.3518,30.98,85,50,3.13,EC,1677861938
15,hermanus,-34.4187,19.2345,21.0,87,25,3.65,ZA,1677861938
16,portland,45.5234,-122.6762,4.6,91,75,4.12,US,1677861240
17,san patricio,28.017,-97.5169,22.73,22,0,9.71,US,1677861939
18,pundaguitan,6.3711,126.1689,26.27,78,100,2.79,PH,1677861939
19,saskylakh,71.9167,114.0833,-13.86,94,100,7.12,RU,1677861939
20,chuy,-33.6971,-53.4616,31.9,39,42,4.03,UY,1677861940
21,butaritari,3.0707,172.7902,27.47,81,100,6.83,KI,1677861940
22,ponta do sol,32.6667,-17.1,21.11,88,77,1.07,PT,1677861940
23,bredasdorp,-34.5322,20.0403,22.67,66,46,4.97,ZA,1677861941
24,rikitea,-23.1203,-134.9692,26.27,68,59,4.83,PF,1677861941
25,isiro,2.7739,27.616,22.24,76,74,0.57,CD,1677861941
26,la asuncion,11.0333,-63.8628,26.6,71,50,8.26,VE,1677861942
27,ulladulla,-35.35,150.4667,18.53,84,100,1.02,AU,1677861942
28,sergeyevka,53.88,67.4158,-9.81,91,98,6.1,KZ,1677861943
29,geraldton,-28.7667,114.6,23.23,83,6,6.69,AU,1677861943
30,sao joao da barra,-21.6403,-41.0511,33.05,76,20,7.44,BR,1677861943
31,ushuaia,-54.8,-68.3,7.79,75,40,9.26,AR,1677861708
32,zeya,53.75,127.2667,-14.49,97,98,1.53,RU,1677861944
33,bambous virieux,-20.3428,57.7575,27.34,83,40,2.06,MU,1677861944
34,spiridonovka,53.0925,50.6462,-1.93,90,98,6.38,RU,1677861944
35,arraial do cabo,-22.9661,-42.0278,33.98,58,0,8.75,BR,1677861945
36,cape town,-33.9258,18.4232,23.4,73,75,7.2,ZA,1677861826
37,guarapuava,-25.3953,-51.4581,22.73,77,79,2.42,BR,1677861945
38,khatanga,71.9667,102.5,-14.52,97,100,0.38,RU,1677861945
39,koumac,-20.5667,164.2833,26.3,82,100,8.3,NC,1677861946
40,barrow,71.2906,-156.7887,-27.99,76,0,2.57,US,1677861946
41,lebu,-37.6167,-73.65,18.28,74,7,6.21,CL,1677861946
42,karratha,-20.7377,116.8463,29.04,74,16,7.89,AU,1677861947
43,qaanaaq,77.484,-69.3632,-22.67,61,0,4.2,GL,1677861947
44,fort nelson,58.8053,-122.7002,-13.92,83,100,3.6,CA,1677861929
45,yeppoon,-23.1333,150.7333,23.88,86,100,4.71,AU,1677861947
46,paamiut,61.994,-49.6678,2.91,82,100,4.08,GL,1677861948
47,avarua,-21.2078,-159.775,23.03,94,100,1.03,CK,1677861948
48,hasaki,35.7333,140.8333,7.34,59,100,2.81,JP,1677861949
49,mogocha,53.7333,119.7667,-15.18,100,77,1.28,RU,1677861949
50,sobolevo,54.4299,31.8996,-1.23,96,100,4.19,RU,1677861949
51,dale,38.1689,-86.99,11.88,100,100,5.66,US,1677861949
52,kaitangata,-46.2817,169.8464,10.88,88,100,1.69,NZ,1677861950
53,punta arenas,-53.15,-70.9167,9.06,57,40,14.4,CL,1677861499
54,hobart,-42.8794,147.3294,11.14,85,100,3.6,AU,1677861913
55,albany,42.6001,-73.9662,3.69,60,84,1.98,US,1677861715
56,poum,-20.2333,164.0167,26.93,80,100,11.65,NC,1677861950
57,hilo,19.7297,-155.09,18.68,95,100,3.09,US,1677861951
58,ambon,-3.6954,128.1814,24.08,94,20,1.03,ID,1677861951
59,axim,4.8699,-2.2405,28.71,73,50,4.25,GH,1677861951
60,talnakh,69.4865,88.3972,-17.38,96,100,0.72,RU,1677861952
61,torbay,47.6666,-52.7314,-2.07,68,75,4.92,CA,1677861930
62,cidreira,-30.1811,-50.2056,24.58,81,100,3.23,BR,1677861952
63,biak,-0.9131,122.8766,24.52,83,95,1.68,ID,1677861952
64,castro,-24.7911,-50.0119,24.68,70,71,3.91,BR,1677861953
65,saint-philippe,-21.3585,55.7679,27.77,82,91,4.32,RE,1677861953
66,gourcy,13.2167,-2.35,37.72,8,0,3.94,BF,1677861953
67,cabalitian,16.0883,120.7922,19.78,85,39,2.86,PH,1677861954
68,yellowknife,62.456,-114.3525,-21.71,71,75,3.6,CA,1677861954
69,notodden,59.5594,9.2585,7.92,49,0,7.72,NO,1677861954
70,sao filipe,14.8961,-24.4956,24.28,59,4,3.64,CV,1677861954
71,nelson bay,-32.7167,152.15,22.78,85,63,2.24,AU,1677861955
72,zaozerne,45.1582,33.2787,5.65,76,100,2.99,UA,1677861955
73,matagami,49.7502,-77.6328,-9.94,52,0,6.69,CA,1677861955
74,craig,40.5153,-107.5464,-6.03,79,100,3.09,US,1677861956
75,sinjai,-5.1241,120.253,22.86,88,81,1.85,ID,1677861956
76,nikolskoye,59.7035,30.7861,-1.06,96,56,2.18,RU,1677861956
77,escanaba,45.7453,-87.0646,2.36,91,100,1.79,US,1677861736
78,ribeira grande,38.5167,-28.7,15.43,67,20,1.54,PT,1677861958
79,brae,60.3964,-1.353,5.44,72,82,8.24,GB,1677861958
80,adrar,20.5022,-10.0711,29.59,15,18,3.92,MR,1677861958
81,georgetown,5.4112,100.3354,24.97,94,40,0.51,MY,1677861789
82,tessalit,20.1986,1.0114,31.52,4,0,2.65,ML,1677861959
83,marquette,46.5333,-87.6335,-1.48,87,98,4.47,US,1677861960
84,saint-joseph,-21.3667,55.6167,27.21,80,81,1.88,RE,1677861960
85,kapaa,22.0752,-159.319,20.06,93,41,1.34,US,1677861961
86,great yarmouth,52.6083,1.7305,7.14,85,13,5.79,GB,1677861961
87,san pedro carcha,15.4833,-90.2667,26.34,47,0,2.06,GT,1677861961
88,riberalta,-10.9833,-66.1,30.11,70,75,6.17,BO,1677861962
89,codrington,-38.2667,141.9667,11.92,92,92,2.59,AU,1677861962
90,andenes,69.3143,16.1194,-2.82,68,40,10.29,NO,1677861963
91,nyurba,63.2842,118.3319,-1.76,92,100,3.38,RU,1677861963
92,shimoda,34.6667,138.95,5.61,64,16,2.1,JP,1677861964
93,honningsvag,70.9821,25.9704,0.86,75,20,8.23,NO,1677861964
94,coquimbo,-29.9533,-71.3436,17.85,88,100,4.12,CL,1677861815
95,cherskiy,68.75,161.3,-39.35,99,71,2.43,RU,1677861965
96,ayr,55.4627,-4.6339,6.95,65,100,1.54,GB,1677861965
97,aitape,-3.1374,142.3475,24.66,95,100,7.18,PG,1677861966
98,new norfolk,-42.7826,147.0587,10.95,68,47,0.76,AU,1677861966
99,camalu,30.85,-116.0667,12.16,65,24,2.1,MX,1677861967
100,dakar,14.6937,-17.4441,34.49,60,0,8.23,SN,1677861915
101,tiksi,71.6872,128.8694,-26.43,90,100,4.0,RU,1677861967
102,puerto baquerizo moreno,-0.9,-89.6,27.55,78,20,2.06,EC,1677861968
103,port elizabeth,-33.918,25.5701,22.16,94,75,6.17,ZA,1677861968
104,iqaluit,63.7506,-68.5145,-8.15,78,100,5.66,CA,1677861969
105,tadine,-21.55,167.8833,25.82,89,100,8.93,NC,1677861969
106,victoria,22.2855,114.1577,20.53,74,52,4.02,HK,1677861800
107,orlik,52.5178,99.825,-15.31,84,100,1.49,RU,1677861970
108,belmonte,-15.8631,-38.8828,29.23,59,46,3.7,BR,1677861971
109,keetmanshoop,-26.5833,18.1333,26.46,37,52,14.05,NA,1677861971
110,pandan,14.0453,124.1694,24.84,73,100,6.84,PH,1677861972
111,provideniya,64.3833,-173.3,-27.27,100,91,1.58,RU,1677861972
112,okha,53.5739,142.9478,-24.48,100,83,1.66,RU,1677861973
113,esperance,-33.8667,121.9,20.34,86,6,4.33,AU,1677861974
114,cockburn town,21.4612,-71.1419,26.98,61,40,7.72,TC,1677861925
115,black river,18.0264,-77.8487,29.59,50,0,9.66,JM,1677861974
116,olafsvik,64.8945,-23.7142,4.9,76,100,3.94,IS,1677861975
117,puerto leguizamo,-0.1934,-74.7819,32.45,50,87,1.77,CO,1677861976
118,tura,25.5198,90.2201,20.47,35,0,1.59,IN,1677861976
119,poltava,49.5937,34.5407,1.48,78,100,3.05,UA,1677861974
120,lagoa,39.05,-27.9833,14.14,64,100,2.92,PT,1677861977
121,hay river,60.8156,-115.7999,-18.01,78,75,7.72,CA,1677861794
122,san quintin,30.4833,-115.95,12.74,65,1,3.31,MX,1677861977
123,strezhevoy,60.7333,77.5889,-11.1,95,100,2.45,RU,1677861978
124,katsuura,35.1333,140.3,10.74,76,100,2.31,JP,1677861978
125,nemuro,43.3236,145.575,-3.24,81,71,2.78,JP,1677861979
126,hailar,49.2,119.7,-14.09,96,16,2.28,CN,1677861979
127,mitsamiouli,-11.3847,43.2844,28.1,75,99,4.78,KM,1677861981
128,klaksvik,62.2266,-6.589,4.51,74,89,6.24,FO,1677861981
129,marovoay,-16.1,46.6333,25.07,90,100,1.65,MG,1677861982
130,lompoc,34.6391,-120.4579,12.14,73,13,7.15,US,1677861982
131,bar harbor,44.3876,-68.2039,1.66,72,40,6.26,US,1677861983
132,sao francisco do sul,-26.2433,-48.6381,29.95,74,75,5.14,BR,1677861983
133,airai,-8.9266,125.4092,15.69,89,91,1.15,TL,1677861984
134,concepcion del oro,24.6333,-101.4167,16.71,13,0,1.61,MX,1677861984
135,carnarvon,-24.8667,113.6333,26.26,76,5,5.83,AU,1677861985
136,bluff,-46.6,168.3333,13.18,59,98,5.94,NZ,1677861986
137,port hardy,50.6996,-127.4199,2.0,93,100,2.06,CA,1677861930
138,east london,-33.0153,27.9116,24.52,78,0,6.17,ZA,1677861986
139,sao domingos,-13.3983,-46.3183,29.81,48,57,1.45,BR,1677861987
140,victor harbor,-35.5667,138.6167,13.71,73,71,3.1,AU,1677861987
141,bentong,3.5181,101.9079,24.16,99,100,0.65,MY,1677861988
142,ambilobe,-13.2,49.05,23.73,93,100,0.13,MG,1677861989
143,benguela,-12.5763,13.4055,25.97,72,10,3.35,AO,1677861990
144,dikson,73.5069,80.5464,-31.58,100,100,2.79,RU,1677861990
145,thompson,55.7435,-97.8558,-10.91,85,100,2.06,CA,1677861930
146,naldurg,17.8167,76.3,28.45,22,11,3.44,IN,1677861992
147,port alfred,-33.5906,26.891,21.77,89,98,2.24,ZA,1677861993
148,iquique,-20.2208,-70.1431,25.02,72,46,1.48,CL,1677861993
149,dingle,10.9995,122.6711,22.16,91,97,3.52,PH,1677861993
150,dunedin,-45.8742,170.5036,12.11,91,100,2.24,NZ,1677861825
151,almaznyy,48.0448,40.045,-0.3,80,62,3.91,RU,1677861994
152,maldonado,-34.6667,-54.9167,35.66,23,25,3.26,UY,1677861778
153,broome,42.2506,-75.833,5.56,62,0,3.6,US,1677861995
154,port keats,-14.25,129.55,26.8,82,100,3.49,AU,1677861995
155,kodiak,57.79,-152.4072,-4.27,46,0,14.92,US,1677861996
156,baykit,61.67,96.37,-9.82,93,86,2.74,RU,1677861996
157,moramanga,-18.9333,48.2,20.33,93,100,1.4,MG,1677861997
158,coihaique,-45.5752,-72.0662,12.34,43,40,5.14,CL,1677861997
159,ullapool,57.8987,-5.1604,6.31,79,10,2.03,GB,1677861997
160,ucluelet,48.9329,-125.5528,1.72,91,91,0.97,CA,1677861931
161,sao jose de ribamar,-2.5619,-44.0542,27.21,82,66,5.53,BR,1677861998
162,leningradskiy,69.3833,178.4167,-33.4,99,95,1.82,RU,1677861998
163,misratah,32.3754,15.0925,16.24,66,95,8.4,LY,1677861999
164,cartagena,10.3997,-75.5144,28.79,70,20,5.14,CO,1677861741
165,gat,31.61,34.7642,18.78,100,67,1.6,IL,1677861999
166,lindsay,36.203,-119.0882,11.11,75,49,1.69,US,1677862000
167,qui nhon,13.7667,109.2333,21.91,87,99,5.85,VN,1677862000
168,kemptville,45.0168,-75.641,-3.02,46,34,1.03,CA,1677861929
169,kopayhorod,48.8592,27.7969,2.08,74,96,3.71,UA,1677862000
170,bitung,1.4451,125.1824,23.47,87,100,3.04,ID,1677862001
171,quesnel,52.9999,-122.5029,-4.72,80,100,0.0,CA,1677862001
172,chokurdakh,70.6333,147.9167,-40.99,100,64,1.91,RU,1677862001
173,teguise,29.0605,-13.564,21.12,46,20,6.17,ES,1677862002
174,cabo san lucas,22.8909,-109.9124,20.28,69,0,1.54,MX,1677861733
175,tuktoyaktuk,69.4541,-133.0374,-38.0,67,20,1.54,CA,1677862003
176,berezovyy,51.6667,135.7,-18.63,94,25,2.12,RU,1677862004
177,chateaudun,48.0833,1.3333,10.08,61,5,3.62,FR,1677862004
178,mar del plata,-38.0023,-57.5575,32.19,51,0,5.14,AR,1677861998
179,touros,-5.1989,-35.4608,24.75,90,100,6.03,BR,1677862004
180,bengkulu,-3.8004,102.2655,23.65,92,98,2.71,ID,1677862005
181,khandbari,27.3747,87.2039,16.6,55,58,0.9,NP,1677862005
182,raipur,21.2333,81.6333,28.08,34,0,2.06,IN,1677862005
183,maxixe,-23.8597,35.3472,24.91,94,75,5.97,MZ,1677862006
184,husavik,66.0449,-17.3389,0.8,86,87,2.59,IS,1677862006
185,hualmay,-11.0964,-77.6139,25.74,70,99,4.57,PE,1677862006
186,mahebourg,-20.4081,57.7,27.36,83,40,2.06,MU,1677862007
187,yauya,-8.9833,-77.3,15.18,57,92,2.87,PE,1677862007
188,labuhan,-6.8844,112.2051,25.3,87,77,3.52,ID,1677862007
189,severo-kurilsk,50.6789,156.125,-5.44,69,91,12.38,RU,1677862008
190,tonj,7.2737,28.6822,33.8,17,93,1.8,SS,1677862008
191,ledyard,41.4398,-72.0142,7.26,46,0,2.57,US,1677862008
192,alugan,12.2188,125.4808,24.84,80,100,4.25,PH,1677862009
193,chapais,49.7834,-74.8492,-14.12,76,66,2.1,CA,1677862009
194,roma,43.2128,-75.4557,3.18,61,90,2.46,US,1677861843
195,wainwright,52.839,-110.8572,-8.15,83,40,4.6,CA,1677862009
196,vrangel,42.7297,133.0839,-2.67,64,0,3.17,RU,1677862010
197,quelimane,-17.8786,36.8883,29.97,74,40,2.06,MZ,1677862010
198,mahibadhoo,3.7833,72.9667,27.51,77,65,7.99,MV,1677862010
199,ancud,-41.8697,-73.8203,14.41,63,86,1.54,CL,1677862011
200,coahuayana,18.7333,-103.6833,29.0,48,35,2.97,MX,1677862011
201,hofn,64.2539,-15.2082,2.01,93,100,1.54,IS,1677862011
202,buala,-8.145,159.5921,25.36,88,95,4.04,SB,1677862012
203,daryapur,20.9333,77.3333,30.36,22,47,2.32,IN,1677862012
204,flinders,-34.5833,150.8552,20.1,91,95,0.45,AU,1677862012
205,fortuna,40.5982,-124.1573,4.96,98,0,1.54,US,1677862013
206,puro,12.4841,123.3827,23.93,82,99,5.97,PH,1677862013
207,villa guerrero,18.8667,-99.65,22.93,14,0,2.36,MX,1677862013
208,praia,14.9215,-23.5087,27.3,50,75,7.2,CV,1677862014
209,yanji,42.9075,129.5078,-1.59,61,0,0.49,CN,1677862014
210,banepa,27.6298,85.5214,15.18,82,40,2.06,NP,1677862014
211,kenora,49.8167,-94.4337,-5.46,93,100,6.71,CA,1677862014
212,tongren,27.7172,109.1853,12.11,86,2,0.77,CN,1677862015
213,faanui,-16.4833,-151.75,27.35,72,64,1.78,PF,1677862015
214,batagay-alyta,67.8006,130.4114,-31.81,91,100,1.24,RU,1677862015
215,xiongyue,40.1774,122.1228,2.78,69,28,1.92,CN,1677862016
216,guerrero negro,27.9769,-114.0611,15.3,51,11,3.71,MX,1677862016
217,berlevag,70.8578,29.0864,1.0,93,100,8.75,NO,1677862016
218,ishigaki,24.3448,124.1572,15.07,77,98,2.57,JP,1677862016
219,jalu,29.0331,21.5482,24.04,15,1,4.52,LY,1677862017
220,mokhsogollokh,61.4681,128.9203,-15.15,97,100,3.03,RU,1677862017
221,tasiilaq,65.6145,-37.6368,-0.91,98,100,6.07,GL,1677862017
222,waingapu,-9.6567,120.2641,24.35,88,86,2.43,ID,1677862018
223,autazes,-3.5797,-59.1306,30.49,67,83,2.1,BR,1677862018
224,sinnamary,5.3833,-52.95,26.4,83,86,6.42,GF,1677862018
225,redlands,34.0556,-117.1825,13.08,72,21,0.91,US,1677861866
226,oktyabrskiy,54.4815,53.471,-4.12,93,99,4.98,RU,1677862019
227,krasnyy yar,46.5331,48.3456,-0.02,62,69,4.44,RU,1677862019
228,bethel,41.3712,-73.414,6.94,52,0,1.54,US,1677862019
229,maryville,35.7565,-83.9705,24.6,66,75,10.29,US,1677862007
230,cravo norte,6.3017,-70.2041,33.39,38,71,5.35,CO,1677862020
231,nioro,13.35,-15.75,37.94,7,42,2.77,GM,1677862020
232,grindavik,63.8424,-22.4338,6.97,81,75,5.66,IS,1677862020
233,kimbe,-5.5502,150.1429,24.61,95,100,1.62,PG,1677862021
234,naze,28.3667,129.4833,10.51,56,98,0.88,JP,1677862021
235,beyneu,45.3167,55.2,2.2,48,19,2.69,KZ,1677862021
236,gizo,-8.103,156.8419,26.92,81,97,6.2,SB,1677862022
237,erzin,36.9559,36.2,15.39,82,5,0.73,TR,1677862022
238,quatre cocos,-20.2078,57.7625,27.27,76,81,3.06,MU,1677862023
239,vao,-22.6667,167.4833,25.28,87,100,8.54,NC,1677862025
240,moree,-29.4667,149.85,21.15,63,34,4.54,AU,1677862025
241,susanville,40.4163,-120.653,1.73,76,75,3.13,US,1677861817
242,dandong,40.1292,124.3947,1.46,81,7,1.12,CN,1677862026
243,eydhafushi,5.1033,73.0708,27.08,73,48,8.2,MV,1677862026
244,muroto,33.2833,134.15,9.6,55,93,1.51,JP,1677862027
245,ust-tsilma,65.441,52.1498,-13.32,97,100,1.87,RU,1677862027
246,bathsheba,13.2167,-59.5167,29.34,61,20,8.75,BB,1677862028
247,chicama,-7.8447,-79.1469,24.3,57,84,4.69,PE,1677862028
248,ulaangom,49.9811,92.0667,-19.57,94,100,1.79,MN,1677862029
249,kaspiyskiy,45.3929,47.3707,0.59,86,48,3.75,RU,1677862029
250,khorramshahr,30.4397,48.1664,23.97,33,0,3.09,IR,1677862030
251,porto empedocle,37.2934,13.5264,8.51,75,59,4.1,IT,1677862031
252,kahului,20.8947,-156.47,22.13,84,0,8.23,US,1677862031
253,livingston,55.9029,-3.5226,7.11,69,75,1.54,GB,1677862032
254,gambo,4.6482,22.2633,30.39,31,45,1.47,CF,1677862032
255,mayumba,-3.432,10.6554,27.6,79,84,4.57,GA,1677862033
256,kazachinskoye,57.6953,93.2761,-6.53,98,100,0.22,RU,1677862033
257,vila,42.0304,-8.1588,8.72,47,2,1.46,PT,1677862034
258,turuvekere,13.1642,76.6667,21.65,35,0,5.0,IN,1677862034
259,pevek,69.7008,170.3133,-34.61,100,98,2.11,RU,1677862035
260,kaliganj,23.4095,89.1402,24.68,26,0,2.22,BD,1677861997
261,ca mau,9.1769,105.15,24.48,73,90,4.53,VN,1677862035
262,san pedro,14.35,121.0167,24.64,74,20,1.03,PH,1677862036
263,longyearbyen,78.2186,15.6401,-14.09,51,20,11.83,SJ,1677862036
264,udachnyy,66.4167,112.4,-17.13,94,87,2.95,RU,1677862037
265,nantucket,41.2835,-70.0995,7.03,64,20,4.12,US,1677862037
266,kaeo,-35.1,173.7833,16.29,94,44,1.92,NZ,1677862038
267,kolpashevo,58.3131,82.9089,-9.95,95,95,3.7,RU,1677862038
268,petropavlovsk-kamchatskiy,53.0452,158.6483,-10.67,52,0,6.0,RU,1677861827
269,nidzica,53.3605,20.4275,0.77,75,100,3.0,PL,1677862039
270,thoen,17.6129,99.2161,23.55,45,0,0.8,TH,1677862040
271,santiago,-33.4569,-70.6483,29.75,32,0,4.63,CL,1677861638
272,rocky mountain house,52.3668,-114.9188,-12.94,66,100,1.03,CA,1677862040
273,moba,33.2288,105.0179,4.23,64,2,2.06,CN,1677862041
274,hatta,24.1167,79.6,25.68,20,0,0.26,IN,1677862041
275,beloha,-25.1667,45.05,21.82,96,100,4.03,MG,1677862042
276,sur,22.5667,59.5289,24.79,66,52,3.95,OM,1677862042
277,yarada,17.65,83.2667,24.18,83,0,1.03,IN,1677862043
278,tuban,-6.8976,112.0649,25.04,87,82,3.2,ID,1677862043
279,manggar,-2.8833,108.2667,25.14,85,60,1.73,ID,1677862044
280,praxedis guerrero,31.3667,-106.0167,4.7,41,0,5.19,MX,1677862044
281,coihueco,-36.6167,-71.8333,23.41,46,0,4.12,CL,1677862045
282,zhezkazgan,47.8043,67.7144,-11.19,91,64,3.2,KZ,1677862045
283,norman wells,65.282,-126.8329,-37.98,67,20,1.54,CA,1677862045
284,simao,22.7886,100.9748,14.03,52,3,1.59,CN,1677862046
285,treinta y tres,-33.2333,-54.3833,35.69,27,64,6.84,UY,1677862046
286,saldanha,-33.0117,17.9442,22.03,91,74,5.74,ZA,1677862047
287,langxiang,46.95,128.8833,-12.8,95,42,1.18,CN,1677862047
288,saint-louis,16.3333,-15.0,36.8,6,73,2.76,SN,1677862048
289,daliang,22.8504,113.247,20.03,55,77,2.39,CN,1677862048
290,comodoro rivadavia,-45.8667,-67.5,18.92,13,40,11.83,AR,1677862048
291,abu samrah,35.3029,37.1841,14.29,75,30,8.97,SY,1677862049
292,vilhena,-12.7406,-60.1458,27.12,78,75,3.6,BR,1677861799
293,moranbah,-22.0016,148.0466,23.15,80,100,4.96,AU,1677862051
294,komsomolskiy,40.4272,71.7189,8.4,76,100,2.06,UZ,1677862052
295,santa rosa,14.3122,121.1114,25.06,76,84,4.49,PH,1677861971
296,yar-sale,66.8333,70.8333,-16.42,96,100,4.14,RU,1677862052
297,marsa matruh,31.3525,27.2453,18.11,72,0,2.57,EG,1677862053
298,severo-yeniseyskiy,60.3725,93.0408,-11.65,96,96,1.5,RU,1677862053
299,saint george,37.1041,-113.5841,6.91,56,0,1.34,US,1677861929
300,nanortalik,60.1432,-45.2371,5.19,82,100,8.84,GL,1677862054
301,kavieng,-2.5744,150.7967,26.51,82,100,5.81,PG,1677862054
302,palu,-0.8917,119.8707,23.87,94,100,0.88,ID,1677862055
303,tazovskiy,67.4667,78.7,-18.89,98,96,3.67,RU,1677862055
304,faya,18.3851,42.4509,17.29,60,11,1.99,SA,1677862056
305,sayyan,15.1718,44.3244,14.32,61,94,3.29,YE,1677862056
306,hobyo,5.3505,48.5268,26.47,67,31,8.42,SO,1677862056
307,alice springs,-23.7,133.8833,18.75,30,6,0.0,AU,1677861836
308,tuatapere,-46.1333,167.6833,11.41,77,96,3.8,NZ,1677862057
309,tuxpan,19.55,-103.4,15.87,33,24,1.98,MX,1677862057
310,bilma,18.6853,12.9164,33.28,9,30,3.45,NE,1677862058
311,poso,-1.3959,120.7524,24.05,91,82,2.07,ID,1677862058
312,middelburg,-25.7751,29.4648,21.35,41,49,0.73,ZA,1677862058
313,safaga,26.7292,33.9365,23.91,42,0,2.08,EG,1677862059
314,vanavara,60.34,102.2797,-10.31,92,87,2.01,RU,1677862059
315,ilulissat,69.2167,-51.1,5.01,52,0,4.12,GL,1677862059
316,chifeng,42.2683,118.9636,1.06,33,41,0.24,CN,1677862060
317,pierre,44.3683,-100.351,2.38,81,20,5.81,US,1677861770
318,krasnoselkup,65.7,82.4667,-17.52,94,100,8.04,RU,1677862060
319,kluang,2.0251,103.3328,22.08,99,100,2.94,MY,1677862060
320,kruisfontein,-34.0033,24.7314,20.67,83,71,5.35,ZA,1677862061
321,champerico,14.3,-91.9167,30.3,60,35,4.11,GT,1677862061
322,cayenne,4.9333,-52.3333,29.02,65,75,6.69,GF,1677862061
323,alofi,-19.0595,-169.9187,24.94,94,75,1.03,NU,1677862000
324,seka,17.9285,103.9552,20.02,64,0,2.62,TH,1677862062
325,aswan,24.0934,32.907,33.61,8,0,3.6,EG,1677862062
326,uyuni,-20.4597,-66.825,18.13,24,67,6.91,BO,1677862062
327,nouadhibou,20.931,-17.0347,25.99,47,95,5.66,MR,1677862063
328,kamennogorsk,60.9545,29.1339,-5.73,98,45,1.84,RU,1677862063
329,batemans bay,-35.7167,150.1833,19.5,89,100,1.43,AU,1677862063
330,aykhal,66.0,111.5,-16.23,100,98,4.01,RU,1677862064
331,poplar bluff,36.757,-90.3929,9.88,87,100,4.12,US,1677862064
332,huarmey,-10.0681,-78.1522,25.56,74,88,4.09,PE,1677862064
333,bom jesus,-9.0744,-44.3586,37.65,25,55,3.11,BR,1677862065
334,bonavista,48.6499,-53.1147,-4.82,75,27,5.69,CA,1677862065
335,ixtapa,20.7,-105.2,20.57,68,20,0.0,MX,1677862065
336,culebra,18.303,-65.301,29.02,74,8,7.4,PR,1677862066
337,hami,42.8,93.45,7.04,28,18,1.67,CN,1677862066
338,telimele,10.9167,-13.3333,38.19,9,89,1.38,GN,1677862066
339,shahr-e babak,30.1165,55.1186,12.07,39,0,2.06,IR,1677862066
340,seydi,39.4816,62.9137,10.24,53,91,4.75,TM,1677862067
341,kholmogory,64.2229,41.656,-19.57,100,83,1.01,RU,1677862067
342,syava,58.0146,46.3222,-3.7,96,99,3.59,RU,1677862067
343,esso,55.9333,158.7,-23.12,98,81,2.78,RU,1677862068
344,hinton,53.4001,-117.5857,-6.75,82,89,3.26,CA,1677862068
345,oum hadjer,13.2954,19.6966,32.64,9,15,0.97,TD,1677862068
346,itarema,-2.9248,-39.9167,28.36,74,84,5.38,BR,1677862069
347,tucuman,-26.8241,-65.2226,30.0,48,0,1.54,AR,1677862069
348,ballina,-28.8667,153.5667,19.45,96,40,4.99,AU,1677862069
349,lindi,-10.0,39.7167,26.68,82,99,2.99,TZ,1677862070
350,meulaboh,4.1363,96.1285,23.17,92,100,1.61,ID,1677862070
351,clyde river,70.4692,-68.5914,-25.87,64,0,7.72,CA,1677862070
352,tchaourou,8.8865,2.5975,36.36,24,49,1.91,BJ,1677862070
353,college,64.8569,-147.8028,-15.44,79,100,0.0,US,1677862071
354,natchitoches,31.7668,-93.1335,17.99,63,100,6.17,US,1677862071
355,stolin,51.8912,26.846,1.11,80,81,3.59,BY,1677862071
356,makaha,21.4694,-158.2175,20.95,77,31,5.68,US,1677862072
357,lata,40.1629,-8.3327,13.23,45,100,2.89,PT,1677862072
358,ulety,51.3572,112.4849,-5.84,88,5,1.2,RU,1677862073
359,byron bay,-28.65,153.6167,19.41,70,59,5.43,AU,1677862013
360,teguldet,57.3064,88.1667,-6.69,98,100,1.37,RU,1677862073
361,padang,-0.9492,100.3543,24.58,89,100,1.7,ID,1677862073
362,gisborne,-38.6533,178.0042,16.0,92,99,1.64,NZ,1677862074
363,bandiagara,14.3501,-3.6104,36.43,8,0,4.28,ML,1677862074
364,vardo,70.3705,31.1107,-0.01,93,100,6.17,NO,1677862074
365,sarh,9.1429,18.3923,38.95,18,20,3.6,TD,1677862075
366,araouane,18.9048,-3.5265,32.32,6,0,1.75,ML,1677862075
367,calafell,41.2,1.5683,16.8,68,9,1.34,ES,1677862076
368,murray,40.6669,-111.888,2.84,62,75,3.6,US,1677862076
369,melo,-32.3667,-54.1833,24.75,72,92,2.32,UY,1677862077
370,shangrao,28.4532,117.9686,10.22,75,23,1.44,CN,1677862077
371,vila franca do campo,37.7167,-25.4333,15.23,96,100,1.4,PT,1677862077
372,bourail,-21.5667,165.4833,24.75,90,100,5.97,NC,1677862078
373,taonan,45.3333,122.7833,-0.1,47,39,3.47,CN,1677862078
374,yerbogachen,61.2767,108.0108,-4.15,90,100,3.73,RU,1677862078
375,broken hill,-31.95,141.4333,19.35,45,0,4.33,AU,1677862079
376,san policarpo,12.1791,125.5072,25.01,79,100,4.24,PH,1677862079
377,samarai,-10.6167,150.6667,25.99,84,96,8.31,PG,1677862079
378,palana,59.1167,159.9667,-31.62,100,94,2.62,RU,1677862080
379,kamenka,51.3223,42.7678,-0.49,90,100,4.82,RU,1677862080
380,panormos,35.4182,24.6909,15.01,71,81,1.29,GR,1677862080
381,prado,-17.3411,-39.2208,28.49,67,10,4.33,BR,1677862080
382,polson,47.6936,-114.1632,-1.4,88,93,2.48,US,1677862081
383,pontian kecil,1.4801,103.3899,25.21,94,100,3.1,MY,1677862081
384,aleksandrov gay,50.147,48.5704,-0.74,88,95,6.01,RU,1677862081
385,blagoveshchenka,52.8333,79.8667,-7.49,82,61,7.66,RU,1677862082
386,tairua,-37.0167,175.85,16.74,92,94,2.16,NZ,1677862083
387,pueblo nuevo,23.3833,-105.3833,18.53,12,1,2.72,MX,1677862083
388,pemangkat,1.1667,108.9667,24.67,85,91,0.92,ID,1677862084
389,zafra,38.4167,-6.4167,12.32,38,100,2.56,ES,1677862084
390,bollnas,61.3482,16.3946,0.92,58,25,8.75,SE,1677862084
391,biltine,14.5333,20.9167,32.8,8,40,3.99,TD,1677862085
392,acarau,-2.8856,-40.12,28.26,75,80,5.62,BR,1677862086
393,beira,-19.8436,34.8389,27.05,100,75,3.13,MZ,1677862086
394,ahipara,-35.1667,173.1667,16.15,93,11,2.85,NZ,1677862086
395,laguna,38.421,-121.4238,11.16,82,0,1.54,US,1677862087
396,atlantic city,39.3643,-74.4229,7.1,60,0,6.69,US,1677861831
397,kulhudhuffushi,6.6221,73.07,26.98,73,55,4.62,MV,1677862088
398,asau,46.4333,26.4,4.6,77,98,0.87,RO,1677862088
399,oktyabrskoye,43.0645,44.7417,1.08,86,89,2.0,RU,1677862088
400,sao felix do xingu,-6.6447,-51.995,31.18,60,54,1.41,BR,1677862089
401,hambantota,6.1241,81.1185,25.96,77,85,7.98,LK,1677862089
402,skjervoy,70.0311,20.9714,-1.0,62,100,12.2,NO,1677862090
403,gladstone,-23.85,151.25,22.96,78,95,1.54,AU,1677862090
404,kloulklubed,7.0419,134.2556,25.28,67,100,6.76,PW,1677862091
405,nome,64.5011,-165.4064,-26.96,91,75,0.0,US,1677862091
406,vila velha,-20.3297,-40.2925,31.97,69,20,7.72,BR,1677862092
407,homer,59.6425,-151.5483,-7.07,53,0,1.54,US,1677862092
408,mahajanga,-15.7167,46.3167,27.01,89,40,2.06,MG,1677862093
409,moose factory,51.2585,-80.6094,-8.01,49,0,5.14,CA,1677862093
410,srednekolymsk,67.45,153.6833,-40.21,100,53,1.03,RU,1677862093
411,inhambane,-23.865,35.3833,25.0,94,75,6.69,MZ,1677862094
412,caiaponia,-16.9567,-51.8103,29.61,52,8,2.8,BR,1677862095
413,harper,4.375,-7.7169,28.89,71,86,2.63,LR,1677862095
414,pitsunda,43.1592,40.3378,8.1,92,100,1.03,GE,1677862096
415,myitkyina,25.3833,97.4,18.8,40,5,1.23,MM,1677862096
416,sistranda,63.7256,8.834,0.98,77,100,15.84,NO,1677862097
417,nabire,-3.3667,135.4833,24.04,87,100,0.88,ID,1677862097
418,iskateley,67.6803,53.1512,-24.05,100,72,1.54,RU,1677862098
419,guider,9.9342,13.9486,38.32,13,49,2.95,CM,1677862099
420,marystown,47.1666,-55.1483,-3.48,66,100,6.56,CA,1677862099
421,bethanien,-26.502,17.1583,27.62,34,68,8.54,NA,1677862100
422,bani,18.2833,-70.3333,28.69,56,36,6.08,DO,1677862100
423,zhigansk,66.7697,123.3711,-19.45,96,100,12.73,RU,1677862101
424,parakan,-6.4191,106.0081,23.12,95,100,1.85,ID,1677862101
425,omaruru,-21.4333,15.9333,24.99,20,7,6.12,NA,1677862102
426,allende,25.2833,-100.0167,23.3,17,0,2.78,MX,1677861983
427,turukhansk,65.8167,87.9833,-14.36,95,100,9.22,RU,1677862102
428,vestmanna,62.1564,-7.1664,3.51,75,40,7.2,FO,1677862103
429,taoudenni,22.6783,-3.9836,32.59,9,0,2.99,ML,1677862103
430,muzhi,65.3667,64.6667,-23.99,95,84,1.85,RU,1677862104
431,muli,2.9167,73.5667,27.86,75,51,8.17,MV,1677862104
432,mercedes,-34.6515,-59.4307,34.88,20,3,5.47,AR,1677862105
433,ferme-neuve,46.7001,-75.4493,-5.59,77,32,1.06,CA,1677862105
434,kitimat,54.0524,-128.6534,-0.79,97,99,1.68,CA,1677862106
435,atar,20.5169,-13.0499,31.15,15,84,5.4,MR,1677862106
436,ballangen,68.3428,16.8315,-2.88,80,75,5.14,NO,1677862106
437,mimongo,-1.6195,11.6068,24.6,87,85,1.21,GA,1677862107
438,jijiga,9.35,42.8,23.41,45,100,4.58,ET,1677862107
439,lewisburg,35.4492,-86.7889,22.14,83,100,10.8,US,1677862108
440,avera,33.194,-82.5271,22.73,69,84,8.49,US,1677862108
441,nouakchott,18.0858,-15.9785,34.96,32,63,3.38,MR,1677862109
442,sarahan,31.5167,77.8,7.85,56,92,3.18,IN,1677862110
443,port antonio,18.18,-76.4612,31.67,60,6,7.25,JM,1677862040
444,den helder,52.9599,4.7593,6.99,72,100,3.6,NL,1677862110
445,necochea,-38.5473,-58.7368,34.49,27,36,5.24,AR,1677862111
446,rio grande,-32.035,-52.0986,31.06,63,96,4.75,BR,1677861829
447,mandalgovi,45.7625,106.2708,-1.16,24,0,1.31,MN,1677862111
448,mragowo,53.8644,21.3051,1.0,80,95,3.77,PL,1677862112
449,kysyl-syr,63.8986,122.7617,-16.73,96,100,5.9,RU,1677862112
450,los patios,7.8379,-72.5037,30.43,48,40,10.8,CO,1677862113
451,togul,53.465,85.9128,-0.87,97,100,7.01,RU,1677862113
452,ust-kuyga,70.0167,135.6,-38.26,97,57,3.45,RU,1677862113
453,kawalu,-7.3817,108.2082,22.27,96,55,0.83,ID,1677862114
454,glubokiy,48.5217,40.3258,0.87,75,86,3.25,RU,1677862114
455,chimbarongo,-34.7,-71.05,24.49,24,0,2.82,CL,1677862091
456,waitati,-45.75,170.5667,12.11,91,100,2.29,NZ,1677862115
457,whitehorse,60.7161,-135.0538,-14.57,76,100,3.09,CA,1677862111
458,tocopilla,-22.092,-70.1979,23.22,70,14,1.45,CL,1677862116
459,aras,42.5617,-2.356,3.24,81,100,4.63,ES,1677862116
460,menongue,-14.6585,17.691,21.72,72,80,1.64,AO,1677862116
461,viedma,-40.8135,-62.9967,32.79,17,96,8.51,AR,1677862117
462,tawau,4.2498,117.8871,26.07,85,100,3.12,MY,1677862117
463,port blair,11.6667,92.75,27.02,89,40,0.51,IN,1677862119
464,aden,12.7794,45.0367,25.19,80,10,8.7,YE,1677862037
465,dharchula,29.85,80.5333,14.53,37,16,3.4,IN,1677862119
466,fairbanks,64.8378,-147.7164,-15.43,80,100,0.0,US,1677861900
467,boyolangu,-8.1181,111.8935,23.42,90,69,0.95,ID,1677862120
468,najran,17.4924,44.1277,25.36,34,67,4.96,SA,1677862120
469,mazagao,-0.115,-51.2894,31.03,77,78,3.12,BR,1677862120
470,mount gambier,-37.8333,140.7667,11.37,91,100,2.25,AU,1677862121
471,podor,16.6527,-14.9587,36.97,23,0,1.03,MR,1677862121
472,gabu,12.2833,-14.2167,39.87,7,72,1.48,GW,1677862121
473,kismayo,-0.3582,42.5454,25.41,88,9,9.1,SO,1677862122
474,yulara,-25.2406,130.9889,20.81,22,18,3.27,AU,1677862122
475,mareeba,-17.0,145.4333,22.4,97,75,0.72,AU,1677862122
476,zaria,11.1113,7.7227,35.94,8,1,4.13,NG,1677862123
477,bandarban,22.1965,92.2262,25.84,46,0,0.82,BD,1677862123
478,valparaiso,-33.0393,-71.6273,20.56,76,100,4.63,CL,1677861982
479,riyadh,24.6877,46.7219,25.08,21,4,4.47,SA,1677862123
480,nelson,-41.2833,173.2833,15.72,87,12,0.89,NZ,1677862124
481,kavaratti,10.5669,72.642,27.67,68,0,2.77,IN,1677862124
482,bahia blanca,-38.7196,-62.2724,36.83,17,16,0.45,AR,1677862102
483,taraz,42.9,71.3667,2.23,93,100,3.0,KZ,1677862124
484,lavrentiya,65.5833,-171.0,-28.71,100,95,1.31,RU,1677862125
485,salalah,17.0151,54.0924,26.05,65,0,0.51,OM,1677862125
486,patacamaya,-17.2333,-67.9167,16.64,41,25,4.98,BO,1677862125
487,karpathos,35.507,27.2132,14.98,72,20,4.12,GR,1677862126
488,sagaing,21.8787,95.9797,26.47,22,0,1.2,MM,1677862126
489,san ramon,37.7799,-121.978,8.78,91,100,2.57,US,1677862126
490,nuuk,64.1835,-51.7216,5.34,52,75,1.03,GL,1677862127
491,kolarovo,47.9229,17.9847,8.12,56,41,4.2,SK,1677862127
492,ozinki,51.1786,49.6769,-1.44,89,100,6.48,RU,1677862127
493,luwuk,-0.9516,122.7875,24.9,86,93,1.84,ID,1677862128
494,wanaka,-44.7,169.15,12.28,84,67,0.45,NZ,1677862128
495,kutum,14.2,24.6667,25.74,10,11,5.1,SD,1677862128
496,umea,63.8284,20.2597,-0.04,86,40,5.66,SE,1677862128
497,vieira de leiria,39.8695,-8.9324,16.03,58,0,4.12,PT,1677862129
498,abu dhabi,24.4667,54.3667,24.97,76,0,3.6,AE,1677861831
499,panjab,34.388,67.0233,-8.55,95,79,1.59,AF,1677862129
500,acapulco,16.8634,-99.8901,27.9,65,40,0.0,MX,1677861896
501,urucara,-2.5364,-57.76,31.05,61,99,2.47,BR,1677862130
502,stromness,58.965,-3.296,6.04,82,100,5.81,GB,1677861894
503,fier,40.7239,19.5561,11.64,69,39,2.49,AL,1677862130
504,ajdabiya,30.7554,20.2263,22.8,20,76,5.93,LY,1677862130
505,honiara,-9.4333,159.95,24.96,83,86,3.72,SB,1677862131
506,danilov,58.1908,40.1717,-2.57,95,100,3.25,RU,1677862131
507,marsh harbour,26.5412,-77.0636,25.53,66,18,9.77,BS,1677862131
508,kodinsk,58.6881,99.1844,-6.97,96,100,0.93,RU,1677862132
509,ubinskoye,55.3068,79.6802,-10.64,91,71,7.2,RU,1677862132
510,kongolo,-5.3833,27.0,21.6,95,100,0.28,CD,1677862132
511,barra do garcas,-15.89,-52.2567,33.32,58,40,2.06,BR,1677862133
512,makamba,-4.1348,29.804,17.11,91,82,0.81,BI,1677862133
513,saint-pierre,-21.3393,55.4781,27.82,74,100,1.54,RE,1677862133
514,hovd,48.0056,91.6419,-5.45,43,100,3.35,MN,1677862133
515,muravlenko,63.7898,74.523,-23.66,98,82,4.02,RU,1677862134
516,awjilah,29.1081,21.2869,24.09,15,3,4.84,LY,1677862134
517,san carlos de bariloche,-41.1456,-71.3082,19.86,42,20,11.83,AR,1677862104
518,ivanishchi,55.7742,40.4273,-3.86,96,92,2.74,RU,1677862135
519,along,28.1667,94.7667,15.65,67,25,0.92,IN,1677862135
520,copiapo,-27.3667,-70.3333,21.83,36,5,3.9,CL,1677862081
521,pochutla,15.7432,-96.4661,30.46,45,0,4.26,MX,1677862135
522,manama,26.2154,50.5832,22.32,58,0,2.06,BH,1677862031
523,baruun-urt,46.6806,113.2792,-3.37,48,0,2.25,MN,1677862136
524,sterling,39.0062,-77.4286,6.44,75,100,3.6,US,1677861976
525,arlit,18.7369,7.3853,33.56,7,23,4.5,NE,1677862136
526,constitucion,-35.3333,-72.4167,20.0,64,6,2.48,CL,1677862136
527,sitka,57.0531,-135.33,0.94,75,75,5.14,US,1677862137
528,rey bouba,8.6724,14.1786,38.52,15,76,1.68,CM,1677862137
529,kalmunai,7.4167,81.8167,25.28,81,72,4.32,LK,1677862137
530,mahenge,-8.6833,36.7167,19.01,88,100,0.86,TZ,1677862138
531,isangel,-19.55,169.2667,26.9,93,100,10.3,VU,1677862138
532,los llanos de aridane,28.6585,-17.9182,18.86,93,75,1.79,ES,1677862138
533,lorengau,-2.0226,147.2712,26.27,81,100,5.81,PG,1677862139
534,eenhana,-17.4667,16.3333,29.2,22,67,3.08,NA,1677862139
535,gari,59.4307,62.3497,-19.62,98,97,2.25,RU,1677862139
536,suntar,62.1444,117.6319,-0.76,95,100,3.68,RU,1677862140
537,pisco,-13.7,-76.2167,25.03,73,95,4.12,PE,1677862140
538,lagodekhi,41.8268,46.2767,5.5,94,100,1.47,GE,1677862140
539,sisimiut,66.9395,-53.6735,-9.91,88,79,4.55,GL,1677862141
540,cairns,-16.9167,145.7667,24.97,94,40,0.51,AU,1677862141
541,paita,-5.0892,-81.1144,27.48,61,29,3.3,PE,1677862141
542,katherine,-14.4667,132.2667,24.18,83,100,1.54,AU,1677862142
543,pozo colorado,-23.4923,-58.7972,33.0,48,69,3.97,PY,1677862142
544,camabatela,-8.1881,15.375,21.95,71,96,0.63,AO,1677862143
545,aklavik,68.2191,-135.0107,-40.0,67,20,0.0,CA,1677862143
546,ust-maya,60.4167,134.5333,-32.63,100,75,1.46,RU,1677862144
547,waddan,29.1614,16.139,25.55,13,28,4.12,LY,1677862144
548,namatanai,-3.6667,152.4333,25.03,91,100,4.3,PG,1677862145
549,grand gaube,-20.0064,57.6608,27.43,72,99,0.45,MU,1677862146
550,walvis bay,-22.9575,14.5053,23.53,60,0,8.23,NA,1677862147
551,kampot,10.6167,104.1833,22.03,75,99,2.06,KH,1677862147
552,bagdarin,54.4333,113.6,-9.1,92,100,1.22,RU,1677862148
553,morant bay,17.8815,-76.4093,31.51,62,12,6.73,JM,1677862148
554,oksfjord,70.2396,22.3479,0.1,84,100,5.35,NO,1677862149
555,maniitsoq,65.4167,-52.9,-0.76,82,100,6.56,GL,1677862149
556,casper,42.8666,-106.3131,-2.67,63,100,7.72,US,1677861912
557,mineiros,-17.5694,-52.5511,28.83,56,14,3.1,BR,1677861923
558,chichibu,35.9903,139.0764,3.65,75,66,1.12,JP,1677862150
559,pak chong,14.708,101.4161,23.78,38,3,2.02,TH,1677862150
560,hohhot,40.8106,111.6522,1.06,50,0,1.0,CN,1677862151
561,weligama,5.9667,80.4167,24.54,84,96,4.18,LK,1677862151
562,rawson,-43.3002,-65.1023,26.34,25,58,12.81,AR,1677862152
563,korla,41.7597,86.1469,5.16,51,2,2.12,CN,1677862152
564,pajapan,18.25,-94.7,30.03,51,23,6.62,MX,1677862153
